{
    "FIFOScheduler": {
        "gpu_util": [
            0.7942020493441379,
            0.8837275947115188,
            0.9365111872830839,
            0.9653402791272738,
            0.9804308251284096
        ],
        "net_util": [
            0.8043750968351443,
            0.44752369385032154,
            0.23712677321221995,
            0.1222131825810441,
            0.062061831475542215
        ],
        "time": [
            55041,
            98931,
            186711,
            362271,
            713391
        ],
        "batch_size": [
            1,
            2,
            4,
            8,
            16
        ],
        "n_of_batches": [
            10,
            10,
            10,
            10,
            10
        ],
        "fp_units.sum": [
            1055.9944600000003,
            1055.9944600000003,
            1055.9944600000003,
            1055.9944600000003,
            1055.9944600000003
        ],
        "fp_units.mean": [
            62.11732117647061,
            62.11732117647061,
            62.11732117647061,
            62.11732117647061,
            62.11732117647061
        ],
        "fp_units.std": [
            48.547862449133866,
            48.547862449133866,
            48.547862449133866,
            48.547862449133866,
            48.547862449133866
        ],
        "bp_units.sum": [
            3315.4524600000004,
            3315.4524600000004,
            3315.4524600000004,
            3315.4524600000004,
            3315.4524600000004
        ],
        "bp_units.mean": [
            195.02661529411768,
            195.02661529411768,
            195.02661529411768,
            195.02661529411768,
            195.02661529411768
        ],
        "bp_units.std": [
            154.43250979937926,
            154.43250979937926,
            154.43250979937926,
            154.43250979937926,
            154.43250979937926
        ],
        "comm_units.sum": [
            4427.4414080000015,
            4427.4414080000015,
            4427.4414080000015,
            4427.4414080000015,
            4427.4414080000015
        ],
        "comm_units.mean": [
            260.43772988235304,
            260.43772988235304,
            260.43772988235304,
            260.43772988235304,
            260.43772988235304
        ],
        "comm_units.std": [
            766.8599405313627,
            766.8599405313627,
            766.8599405313627,
            766.8599405313627,
            766.8599405313627
        ],
        "comp_units.sum": [
            4371.446920000001,
            4371.446920000001,
            4371.446920000001,
            4371.446920000001,
            4371.446920000001
        ],
        "comp_units.mean": [
            257.1439364705883,
            257.1439364705883,
            257.1439364705883,
            257.1439364705883,
            257.1439364705883
        ],
        "comp_units.std": [
            188.62402972096478,
            188.62402972096478,
            188.62402972096478,
            188.62402972096478,
            188.62402972096478
        ]
    },
    "TopologicalPriorityScheduler:Non-preemptive": {
        "gpu_util": [
            0.8064656249423492,
            0.8912680401651458,
            0.9407283217215825,
            0.96757578430422,
            0.9815824844398066
        ],
        "net_util": [
            0.8167957583248779,
            0.4513422098985678,
            0.23819456129119038,
            0.12249620009130276,
            0.06213473216804318
        ],
        "time": [
            54204,
            98094,
            185874,
            361434,
            712554
        ],
        "batch_size": [
            1,
            2,
            4,
            8,
            16
        ],
        "n_of_batches": [
            10,
            10,
            10,
            10,
            10
        ],
        "fp_units.sum": [
            1055.9944600000003,
            1055.9944600000003,
            1055.9944600000003,
            1055.9944600000003,
            1055.9944600000003
        ],
        "fp_units.mean": [
            62.11732117647061,
            62.11732117647061,
            62.11732117647061,
            62.11732117647061,
            62.11732117647061
        ],
        "fp_units.std": [
            48.547862449133866,
            48.547862449133866,
            48.547862449133866,
            48.547862449133866,
            48.547862449133866
        ],
        "bp_units.sum": [
            3315.4524600000004,
            3315.4524600000004,
            3315.4524600000004,
            3315.4524600000004,
            3315.4524600000004
        ],
        "bp_units.mean": [
            195.02661529411768,
            195.02661529411768,
            195.02661529411768,
            195.02661529411768,
            195.02661529411768
        ],
        "bp_units.std": [
            154.43250979937926,
            154.43250979937926,
            154.43250979937926,
            154.43250979937926,
            154.43250979937926
        ],
        "comm_units.sum": [
            4427.4414080000015,
            4427.4414080000015,
            4427.4414080000015,
            4427.4414080000015,
            4427.4414080000015
        ],
        "comm_units.mean": [
            260.43772988235304,
            260.43772988235304,
            260.43772988235304,
            260.43772988235304,
            260.43772988235304
        ],
        "comm_units.std": [
            766.8599405313627,
            766.8599405313627,
            766.8599405313627,
            766.8599405313627,
            766.8599405313627
        ],
        "comp_units.sum": [
            4371.446920000001,
            4371.446920000001,
            4371.446920000001,
            4371.446920000001,
            4371.446920000001
        ],
        "comp_units.mean": [
            257.1439364705883,
            257.1439364705883,
            257.1439364705883,
            257.1439364705883,
            257.1439364705883
        ],
        "comp_units.std": [
            188.62402972096478,
            188.62402972096478,
            188.62402972096478,
            188.62402972096478,
            188.62402972096478
        ]
    },
    "TopologicalPriorityScheduler:Preemptive": {
        "gpu_util": [
            0.9603354393673119,
            0.9778429526898555,
            0.9868382910999445,
            0.9913983092841836,
            0.9936941582962854
        ],
        "net_util": [
            0.9726365131810194,
            0.4951841413712113,
            0.24986971093176816,
            0.1255121589794472,
            0.06290140804409905
        ],
        "time": [
            45519,
            89409,
            177189,
            352749,
            703869
        ],
        "batch_size": [
            1,
            2,
            4,
            8,
            16
        ],
        "n_of_batches": [
            10,
            10,
            10,
            10,
            10
        ],
        "fp_units.sum": [
            1055.9944600000003,
            1055.9944600000003,
            1055.9944600000003,
            1055.9944600000003,
            1055.9944600000003
        ],
        "fp_units.mean": [
            62.11732117647061,
            62.11732117647061,
            62.11732117647061,
            62.11732117647061,
            62.11732117647061
        ],
        "fp_units.std": [
            48.547862449133866,
            48.547862449133866,
            48.547862449133866,
            48.547862449133866,
            48.547862449133866
        ],
        "bp_units.sum": [
            3315.4524600000004,
            3315.4524600000004,
            3315.4524600000004,
            3315.4524600000004,
            3315.4524600000004
        ],